{
    "account_lockout_attempts": {
        "value": "5",
        "value_type": "integer",
        "group": "security",
        "description": "عدد محاولات تسجيل الدخول الفاشلة قبل قفل الحساب"
    },
    "account_lockout_minutes": {
        "value": "30",
        "value_type": "integer",
        "group": "security",
        "description": "مدة قفل الحساب بالدقائق"
    },
    "max_old_passwords": {
        "value": "5",
        "value_type": "integer",
        "group": "security",
        "description": "عدد كلمات المرور السابقة المحتفظ بها"
    },
    "password_expiry_days": {
        "value": "0",
        "value_type": "integer",
        "group": "security",
        "description": "فترة صلاحية كلمة المرور بالأيام (0 = لا تنتهي)"
    },
    "password_min_length": {
        "value": "8",
        "value_type": "integer",
        "group": "security",
        "description": "الحد الأدنى لطول كلمة المرور"
    },
    "password_requires_numbers": {
        "value": "false",
        "value_type": "boolean",
        "group": "security",
        "description": "كلمة المرور تتطلب أرقام"
    },
    "password_requires_special": {
        "value": "false",
        "value_type": "boolean",
        "group": "security",
        "description": "كلمة المرور تتطلب رموز خاصة"
    },
    "password_requires_uppercase": {
        "value": "false",
        "value_type": "boolean",
        "group": "security",
        "description": "كلمة المرور تتطلب أحرف كبيرة"
    },
    "session_timeout_minutes": {
        "value": "60",
        "value_type": "integer",
        "group": "security",
        "description": "مدة انتهاء جلسة العمل بالدقائق"
    },
    "two_factor_enabled": {
        "value": "true",
        "value_type": "boolean",
        "group": "security",
        "description": "تفعيل المصادقة الثنائية"
    },
    "two_factor_required_for_admins": {
        "value": "true",
        "value_type": "boolean",
        "group": "security",
        "description": "المصادقة الثنائية مطلوبة للمسؤولين"
    }
}